Symbol,link,MARKETSMOJO,ETNOW
ACC,https://kite.zerodha.com/chart/web/ciq/NSE/ACC/5633,https://www.marketsmojo.com/Stocks?StockId=229887&Exchange=0,https://economictimes.indiatimes.com/acc-ltd/stocks/companyid-6.cms
ADANIENT,https://kite.zerodha.com/chart/web/ciq/NSE/ADANIENT/6401,https://www.marketsmojo.com/Stocks?StockId=789039&Exchange=0,https://economictimes.indiatimes.com/adani-enterprises-ltd/stocks/companyid-9074.cms
ADANIPORTS,https://kite.zerodha.com/chart/web/ciq/NSE/ADANIPORTS/3861249,https://www.marketsmojo.com/Stocks?StockId=716033&Exchange=0,https://economictimes.indiatimes.com/adani-ports-special-economic-zone-ltd/stocks/companyid-20316.cms
ADANIPOWER,https://kite.zerodha.com/chart/web/ciq/NSE/ADANIPOWER/4451329,https://www.marketsmojo.com/Stocks?StockId=962209&Exchange=0,https://economictimes.indiatimes.com/adani-power-ltd/stocks/companyid-23479.cms
AMARAJABAT,https://kite.zerodha.com/chart/web/ciq/NSE/AMARAJABAT/25601,https://www.marketsmojo.com/Stocks?StockId=869476&Exchange=0,https://economictimes.indiatimes.com/amara-raja-batteries-ltd/stocks/companyid-12713.cms
AMBUJACEM,https://kite.zerodha.com/chart/web/ciq/NSE/AMBUJACEM/325121,https://www.marketsmojo.com/Stocks?StockId=690246&Exchange=0,https://economictimes.indiatimes.com/ambuja-cements-ltd/stocks/companyid-13643.cms
APOLLOHOSP,https://kite.zerodha.com/chart/web/ciq/NSE/APOLLOHOSP/40193,https://www.marketsmojo.com/Stocks?StockId=423292&Exchange=0,https://economictimes.indiatimes.com/apollo-hospitals-enterprise-ltd/stocks/companyid-62.cms
APOLLOTYRE,https://kite.zerodha.com/chart/web/ciq/NSE/APOLLOTYRE/41729,https://www.marketsmojo.com/Stocks?StockId=462367&Exchange=0,https://economictimes.indiatimes.com/apollo-tyres-ltd/stocks/companyid-63.cms
ASHOKLEY,https://kite.zerodha.com/chart/web/ciq/NSE/ASHOKLEY/54273,https://www.marketsmojo.com/Stocks?StockId=972470&Exchange=0,https://economictimes.indiatimes.com/ashok-leyland-ltd/stocks/companyid-14041.cms
ASIANPAINT,https://kite.zerodha.com/chart/web/ciq/NSE/ASIANPAINT/60417,https://www.marketsmojo.com/Stocks?StockId=244442&Exchange=0,https://economictimes.indiatimes.com/asian-paints-ltd/stocks/companyid-14034.cms
AUROPHARMA,https://kite.zerodha.com/chart/web/ciq/NSE/AUROPHARMA/70401,https://www.marketsmojo.com/Stocks?StockId=164981&Exchange=0,https://economictimes.indiatimes.com/aurobindo-pharma-ltd/stocks/companyid-8279.cms
AXISBANK,https://kite.zerodha.com/chart/web/ciq/NSE/AXISBANK/1510401,https://www.marketsmojo.com/Stocks?StockId=112501&Exchange=0,https://economictimes.indiatimes.com/axis-bank-ltd/stocks/companyid-9175.cms
BAJAJ-AUTO,https://kite.zerodha.com/chart/web/ciq/NSE/BAJAJ-AUTO/4267265,https://www.marketsmojo.com/Stocks?StockId=992451&Exchange=0,https://economictimes.indiatimes.com/bajaj-auto-ltd/stocks/companyid-21430.cms
BAJAJFINSV,https://kite.zerodha.com/chart/web/ciq/NSE/BAJAJFINSV/4268801,https://www.marketsmojo.com/Stocks?StockId=822285&Exchange=0,https://economictimes.indiatimes.com/bajaj-finserv-ltd/stocks/companyid-21426.cms
BAJFINANCE,https://kite.zerodha.com/chart/web/ciq/NSE/BAJFINANCE/81153,https://www.marketsmojo.com/Stocks?StockId=959222&Exchange=0,https://economictimes.indiatimes.com/bajaj-finance-ltd/stocks/companyid-11260.cms
BALKRISIND,https://kite.zerodha.com/chart/web/ciq/NSE/BALKRISIND/85761,https://www.marketsmojo.com/Stocks?StockId=537216&Exchange=0,https://economictimes.indiatimes.com/balkrishna-industries-ltd/stocks/companyid-14013.cms
BANDHANBNK,https://kite.zerodha.com/chart/web/ciq/NSE/BANDHANBNK/579329,https://www.marketsmojo.com/Stocks?StockId=1000060&Exchange=0,https://economictimes.indiatimes.com/bandhan-bank-ltd/stocks/companyid-67665.cms
BANKBARODA,https://kite.zerodha.com/chart/web/ciq/NSE/BANKBARODA/1195009,https://www.marketsmojo.com/Stocks?StockId=824055&Exchange=0,https://economictimes.indiatimes.com/bank-of-baroda/stocks/companyid-12040.cms
BATAINDIA,https://kite.zerodha.com/chart/web/ciq/NSE/BATAINDIA/94977,https://www.marketsmojo.com/Stocks?StockId=919264&Exchange=0,https://economictimes.indiatimes.com/bata-india-ltd/stocks/companyid-13974.cms
BEL,https://kite.zerodha.com/chart/web/ciq/NSE/BEL/98049,https://www.marketsmojo.com/Stocks?StockId=363433&Exchange=0,https://economictimes.indiatimes.com/bharat-electronics-ltd/stocks/companyid-11945.cms
BERGEPAINT,https://kite.zerodha.com/chart/web/ciq/NSE/BERGEPAINT/103425,https://www.marketsmojo.com/Stocks?StockId=807018&Exchange=0,https://economictimes.indiatimes.com/berger-paints-india-ltd/stocks/companyid-13971.cms
BHARATFORG,https://kite.zerodha.com/chart/web/ciq/NSE/BHARATFORG/108033,https://www.marketsmojo.com/Stocks?StockId=880888&Exchange=0,https://economictimes.indiatimes.com/bharat-forge-ltd/stocks/companyid-13958.cms
BHARTIARTL,https://kite.zerodha.com/chart/web/ciq/NSE/BHARTIARTL/2714625,https://www.marketsmojo.com/Stocks?StockId=468567&Exchange=0,https://economictimes.indiatimes.com/bharti-airtel-ltd/stocks/companyid-2718.cms
BHEL,https://kite.zerodha.com/chart/web/ciq/NSE/BHEL/112129,https://www.marketsmojo.com/Stocks?StockId=880342&Exchange=0,https://economictimes.indiatimes.com/bharat-heavy-electricals-ltd/stocks/companyid-11831.cms
BIOCON,https://kite.zerodha.com/chart/web/ciq/NSE/BIOCON/2911489,https://www.marketsmojo.com/Stocks?StockId=363433&Exchange=0,https://economictimes.indiatimes.com/biocon-ltd/stocks/companyid-2082.cms
BOSCHLTD,https://kite.zerodha.com/chart/web/ciq/NSE/BOSCHLTD/558337,https://www.marketsmojo.com/Stocks?StockId=180260&Exchange=0,https://economictimes.indiatimes.com/bosch-ltd/stocks/companyid-11911.cms
BPCL,https://kite.zerodha.com/chart/web/ciq/NSE/BPCL/134657,https://www.marketsmojo.com/Stocks?StockId=159344&Exchange=0,https://economictimes.indiatimes.com/bharat-petroleum-corporation-ltd/stocks/companyid-11941.cms
BRITANNIA,https://kite.zerodha.com/chart/web/ciq/NSE/BRITANNIA/140033,https://www.marketsmojo.com/Stocks?StockId=963994&Exchange=0,https://economictimes.indiatimes.com/britannia-industries-ltd/stocks/companyid-13934.cms
CADILAHC,https://kite.zerodha.com/chart/web/ciq/NSE/CADILAHC/2029825,https://www.marketsmojo.com/Stocks?StockId=290229&Exchange=0,https://economictimes.indiatimes.com/cadila-healthcare-ltd/stocks/companyid-3778.cms
CANBK,https://kite.zerodha.com/chart/web/ciq/NSE/CANBK/2763265,https://www.marketsmojo.com/Stocks?StockId=954692&Exchange=0,https://economictimes.indiatimes.com/cadila-healthcare-ltd/stocks/companyid-3778.cms
CENTURYTEX,https://kite.zerodha.com/chart/web/ciq/NSE/CENTURYTEX/160001,https://www.marketsmojo.com/Stocks?StockId=950641&Exchange=0,https://economictimes.indiatimes.com/century-textiles-industries-ltd/stocks/companyid-13905.cms
CESC,https://kite.zerodha.com/chart/web/ciq/NSE/CESC/160769,https://www.marketsmojo.com/Stocks?StockId=687677&Exchange=0,https://economictimes.indiatimes.com/cesc-ltd/stocks/companyid-13911.cms
CHOLAFIN,https://kite.zerodha.com/chart/web/ciq/NSE/CHOLAFIN/175361,https://www.marketsmojo.com/Stocks?StockId=972395&Exchange=0,https://economictimes.indiatimes.com/cholamandalam-investment-finance-company-ltd/stocks/companyid-12159.cms
CIPLA,https://kite.zerodha.com/chart/web/ciq/NSE/CIPLA/177665,https://www.marketsmojo.com/Stocks?StockId=597145&Exchange=0,https://economictimes.indiatimes.com/cipla-ltd/stocks/companyid-13917.cms
COALINDIA,https://kite.zerodha.com/chart/web/ciq/NSE/COALINDIA/5215745,https://www.marketsmojo.com/Stocks?StockId=421555&Exchange=0,https://economictimes.indiatimes.com/coal-india-ltd/stocks/companyid-11822.cms
COLPAL,https://kite.zerodha.com/chart/web/ciq/NSE/COLPAL/3876097,https://www.marketsmojo.com/Stocks?StockId=118611&Exchange=0,https://economictimes.indiatimes.com/colgate-palmolive-india-ltd/stocks/companyid-13873.cms
CONCOR,https://kite.zerodha.com/chart/web/ciq/NSE/CONCOR/1215745,https://www.marketsmojo.com/Stocks?StockId=336884&Exchange=0,https://economictimes.indiatimes.com/container-corporation-of-india-ltd/stocks/companyid-4764.cms
CUMMINSIND,https://kite.zerodha.com/chart/web/ciq/NSE/CUMMINSIND/486657,https://www.marketsmojo.com/Stocks?StockId=284716&Exchange=0,https://economictimes.indiatimes.com/cummins-india-ltd/stocks/companyid-13471.cms
DABUR,https://kite.zerodha.com/chart/web/ciq/NSE/DABUR/197633,https://www.marketsmojo.com/Stocks?StockId=171892&Exchange=0,https://economictimes.indiatimes.com/dabur-india-ltd/stocks/companyid-11796.cms
DIVISLAB,https://kite.zerodha.com/chart/web/ciq/NSE/DIVISLAB/2800641,https://www.marketsmojo.com/Stocks?StockId=509760&Exchange=0,https://economictimes.indiatimes.com/divi's-laboratories-ltd/stocks/companyid-3635.cms
DLF,https://kite.zerodha.com/chart/web/ciq/NSE/DLF/3771393,https://www.marketsmojo.com/Stocks?StockId=348479&Exchange=0,https://economictimes.indiatimes.com/dlf-ltd/stocks/companyid-12393.cms
DRREDDY,https://kite.zerodha.com/chart/web/ciq/NSE/DRREDDY/225537,https://www.marketsmojo.com/Stocks?StockId=734514&Exchange=0,https://economictimes.indiatimes.com/dr-reddy%27s-laboratories-ltd/stocks/companyid-13841.cms
EICHERMOT,https://kite.zerodha.com/chart/web/ciq/NSE/EICHERMOT/232961,https://www.marketsmojo.com/Stocks?StockId=501249&Exchange=0,https://economictimes.indiatimes.com/eicher-motors-ltd/stocks/companyid-13787.cms
EQUITAS,https://kite.zerodha.com/chart/web/ciq/NSE/EQUITAS/4314113,https://www.marketsmojo.com/Stocks?StockId=1000185&Exchange=0,https://economictimes.indiatimes.com/equitas-holdings-ltd/stocks/companyid-44332.cms
ESCORTS,https://kite.zerodha.com/chart/web/ciq/NSE/ESCORTS/245249,https://www.marketsmojo.com/Stocks?StockId=282332&Exchange=0,https://economictimes.indiatimes.com/escorts-ltd/stocks/companyid-13761.cms
EXIDEIND,https://kite.zerodha.com/chart/web/ciq/NSE/EXIDEIND/173057,https://www.marketsmojo.com/Stocks?StockId=639617&Exchange=0,https://economictimes.indiatimes.com/exide-industries-ltd/stocks/companyid-13895.cms
FEDERALBNK,https://kite.zerodha.com/chart/web/ciq/NSE/FEDERALBNK/261889,https://www.marketsmojo.com/Stocks?StockId=533514&Exchange=0,https://economictimes.indiatimes.com/federal-bank-ltd/stocks/companyid-9211.cms
GAIL,https://kite.zerodha.com/chart/web/ciq/NSE/GAIL/1207553,https://www.marketsmojo.com/Stocks?StockId=667248&Exchange=0,https://economictimes.indiatimes.com/gail-india-ltd/stocks/companyid-4845.cms
GLENMARK,https://kite.zerodha.com/chart/web/ciq/NSE/GLENMARK/1895937,https://www.marketsmojo.com/Stocks?StockId=780863&Exchange=0,https://economictimes.indiatimes.com/glenmark-pharmaceuticals-ltd/stocks/companyid-4255.cms
GMRINFRA,https://kite.zerodha.com/chart/web/ciq/NSE/GMRINFRA/3463169,https://www.marketsmojo.com/Stocks?StockId=125372&Exchange=0,https://economictimes.indiatimes.com/gmr-infrastructure-ltd/stocks/companyid-1428.cms
GODREJCP,https://kite.zerodha.com/chart/web/ciq/NSE/GODREJCP/2585345,https://www.marketsmojo.com/Stocks?StockId=597425&Exchange=0,https://economictimes.indiatimes.com/godrej-consumer-products-ltd/stocks/companyid-1908.cms
GODREJPROP,https://kite.zerodha.com/chart/web/ciq/NSE/GODREJPROP/4576001,https://www.marketsmojo.com/Stocks?StockId=608999&Exchange=0,https://economictimes.indiatimes.com/godrej-properties-ltd/stocks/companyid-5733.cms
GRASIM,https://kite.zerodha.com/chart/web/ciq/NSE/GRASIM/315393,https://www.marketsmojo.com/Stocks?StockId=658016&Exchange=0,https://economictimes.indiatimes.com/grasim-industries-ltd/stocks/companyid-13696.cms
HAVELLS,https://kite.zerodha.com/chart/web/ciq/NSE/HAVELLS/2513665,https://www.marketsmojo.com/Stocks?StockId=381936&Exchange=0,https://economictimes.indiatimes.com/havells-india-ltd/stocks/companyid-10507.cms
HCLTECH,https://kite.zerodha.com/chart/web/ciq/NSE/HCLTECH/1850625,https://www.marketsmojo.com/Stocks?StockId=308453&Exchange=0,https://economictimes.indiatimes.com/hcl-technologies-ltd/stocks/companyid-4291.cms
HDFC,https://kite.zerodha.com/chart/web/ciq/NSE/HDFC/340481,https://www.marketsmojo.com/Stocks?StockId=741664&Exchange=0,https://economictimes.indiatimes.com/housing-development-finance-corporation-ltd/stocks/companyid-13640.cms
HDFCBANK,https://kite.zerodha.com/chart/web/ciq/NSE/HDFCBANK/341249,https://www.marketsmojo.com/Stocks?StockId=592009&Exchange=0,https://economictimes.indiatimes.com/hdfc-bank-ltd/stocks/companyid-9195.cms
HDFCLIFE,https://kite.zerodha.com/chart/web/ciq/NSE/HDFCLIFE/119553,https://www.marketsmojo.com/Stocks?StockId=1002872&Exchange=0,https://economictimes.indiatimes.com/hdfc-life-insurance-company-ltd/stocks/companyid-3068.cms
HEROMOTOCO,https://kite.zerodha.com/chart/web/ciq/NSE/HEROMOTOCO/345089,https://www.marketsmojo.com/Stocks?StockId=191974&Exchange=0,https://economictimes.indiatimes.com/hero-motocorp-ltd/stocks/companyid-13636.cms
HINDALCO,https://kite.zerodha.com/chart/web/ciq/NSE/HINDALCO/348929,https://www.marketsmojo.com/Stocks?StockId=557714&Exchange=0,https://economictimes.indiatimes.com/hindalco-industries-ltd/stocks/companyid-13637.cms
HINDPETRO,https://kite.zerodha.com/chart/web/ciq/NSE/HINDPETRO/359937,https://www.marketsmojo.com/Stocks?StockId=313810&Exchange=0,https://economictimes.indiatimes.com/hindustan-petroleum-corporation-ltd/stocks/companyid-12078.cms
HINDUNILVR,https://kite.zerodha.com/chart/web/ciq/NSE/HINDUNILVR/356865,https://www.marketsmojo.com/Stocks?StockId=779011&Exchange=0,https://economictimes.indiatimes.com/hindustan-unilever-ltd/stocks/companyid-13616.cms
IBULHSGFIN,https://kite.zerodha.com/chart/web/ciq/NSE/IBULHSGFIN/7712001,https://www.marketsmojo.com/Stocks?StockId=559955&Exchange=0,https://economictimes.indiatimes.com/indiabulls-housing-finance-ltd/stocks/companyid-15580.cms
ICICIBANK,https://kite.zerodha.com/chart/web/ciq/NSE/ICICIBANK/1270529,https://www.marketsmojo.com/Stocks?StockId=478299&Exchange=0,https://economictimes.indiatimes.com/icici-bank-ltd/stocks/companyid-9194.cms
ICICIPRULI,https://kite.zerodha.com/chart/web/ciq/NSE/ICICIPRULI/4774913,https://www.marketsmojo.com/Stocks?StockId=1002663&Exchange=0,https://economictimes.indiatimes.com/icici-prudential-life-insurance-company-ltd/stocks/companyid-1898.cms
IDEA,https://kite.zerodha.com/chart/web/ciq/NSE/IDEA/3677697,https://www.marketsmojo.com/Stocks?StockId=279400&Exchange=0,https://economictimes.indiatimes.com/icici-bank-ltd/stocks/companyid-9194.cms
IDFCFIRSTB,https://kite.zerodha.com/chart/web/ciq/NSE/IDFCFIRSTB/2863105,https://www.marketsmojo.com/Stocks?StockId=999987&Exchange=0,https://economictimes.indiatimes.com/idfc-first-bank-ltd/stocks/companyid-62245.cms
IGL,https://kite.zerodha.com/chart/web/ciq/NSE/IGL/2883073,https://www.marketsmojo.com/Stocks?StockId=616625&Exchange=0,https://economictimes.indiatimes.com/indraprastha-gas-ltd/stocks/companyid-751.cms
INDIGO,https://kite.zerodha.com/chart/web/ciq/NSE/INDIGO/2865921,https://www.marketsmojo.com/Stocks?StockId=455546&Exchange=0,https://economictimes.indiatimes.com/interglobe-aviation-ltd/stocks/companyid-60145.cms
INDUSINDBK,https://kite.zerodha.com/chart/web/ciq/NSE/INDUSINDBK/1346049,https://www.marketsmojo.com/Stocks?StockId=250217&Exchange=0,https://economictimes.indiatimes.com/indusind-bank-ltd/stocks/companyid-9196.cms
INFRATEL,https://kite.zerodha.com/chart/web/ciq/NSE/INFRATEL/7458561,https://www.marketsmojo.com/Stocks?StockId=433635&Exchange=0,https://economictimes.indiatimes.com/bharti-infratel-ltd/stocks/companyid-22411.cms
INFY,https://kite.zerodha.com/chart/web/ciq/NSE/INFY/408065,https://www.marketsmojo.com/Stocks?StockId=399834&Exchange=0,https://economictimes.indiatimes.com/infosys-ltd/stocks/companyid-10960.cms
IOC,https://kite.zerodha.com/chart/web/ciq/NSE/IOC/415745,https://www.marketsmojo.com/Stocks?StockId=901145&Exchange=0,https://economictimes.indiatimes.com/indian-oil-corporation-ltd/stocks/companyid-11924.cms
ITC,https://kite.zerodha.com/chart/web/ciq/NSE/ITC/424961,https://www.marketsmojo.com/Stocks?StockId=397071&Exchange=0,https://economictimes.indiatimes.com/itc-ltd/stocks/companyid-13554.cms
JINDALSTEL,https://kite.zerodha.com/chart/web/ciq/NSE/JINDALSTEL/1723649,https://www.marketsmojo.com/Stocks?StockId=338854&Exchange=0,https://economictimes.indiatimes.com/jindal-steel-power-ltd/stocks/companyid-4355.cms
JSWSTEEL,https://kite.zerodha.com/chart/web/ciq/NSE/JSWSTEEL/3001089,https://www.marketsmojo.com/Stocks?StockId=891577&Exchange=0,https://economictimes.indiatimes.com/jsw-steel-ltd/stocks/companyid-8352.cms
JUBLFOOD,https://kite.zerodha.com/chart/web/ciq/NSE/JUBLFOOD/4632577,https://www.marketsmojo.com/Stocks?StockId=274240&Exchange=0,https://economictimes.indiatimes.com/jubilant-foodworks-ltd/stocks/companyid-16224.cms
JUSTDIAL,https://kite.zerodha.com/chart/web/ciq/NSE/JUSTDIAL/7670273,https://www.marketsmojo.com/Stocks?StockId=522321&Exchange=0,https://economictimes.indiatimes.com/just-dial-ltd/stocks/companyid-45529.cms
KOTAKBANK,https://kite.zerodha.com/chart/web/ciq/NSE/KOTAKBANK/492033,https://www.marketsmojo.com/Stocks?StockId=621403&Exchange=0,https://economictimes.indiatimes.com/kotak-mahindra-bank-ltd/stocks/companyid-12161.cms
L&TFH,https://kite.zerodha.com/chart/web/ciq/NSE/L&TFH/6386689,https://www.marketsmojo.com/Stocks?StockId=675291&Exchange=0,https://economictimes.indiatimes.com/lt-finance-holdings-ltd/stocks/companyid-30050.cms
LICHSGFIN,https://kite.zerodha.com/chart/web/ciq/NSE/LICHSGFIN/511233,https://www.marketsmojo.com/Stocks?StockId=141783&Exchange=0,https://economictimes.indiatimes.com/lic-housing-finance-ltd/stocks/companyid-10823.cms
LT,https://kite.zerodha.com/chart/web/ciq/NSE/LT/2939649,https://www.marketsmojo.com/Stocks?StockId=837957&Exchange=0,https://economictimes.indiatimes.com/larsen-toubro-ltd/stocks/companyid-13447.cms
LUPIN,https://kite.zerodha.com/chart/web/ciq/NSE/LUPIN/2672641,https://www.marketsmojo.com/Stocks?StockId=641789&Exchange=0,https://economictimes.indiatimes.com/lupin-ltd/stocks/companyid-10743.cms
M&M,https://kite.zerodha.com/chart/web/ciq/NSE/M&M/519937,https://www.marketsmojo.com/Stocks?StockId=845805&Exchange=0,https://economictimes.indiatimes.com/mahindra-mahindra-ltd/stocks/companyid-11898.cms
M&MFIN,https://kite.zerodha.com/chart/web/ciq/NSE/M&MFIN/3400961,https://www.marketsmojo.com/Stocks?StockId=605836&Exchange=0,https://economictimes.indiatimes.com/mahindra-mahindra-financial-services-ltd/stocks/companyid-3540.cms
MANAPPURAM,https://kite.zerodha.com/chart/web/ciq/NSE/MANAPPURAM/4879617,https://www.marketsmojo.com/Stocks?StockId=343801&Exchange=0,https://economictimes.indiatimes.com/manappuram-finance-ltd/stocks/companyid-7134.cms
MARICO,https://kite.zerodha.com/chart/web/ciq/NSE/MARICO/1041153,https://www.marketsmojo.com/Stocks?StockId=441024&Exchange=0,https://economictimes.indiatimes.com/marico-ltd/stocks/companyid-5886.cms
MARUTI,https://kite.zerodha.com/chart/web/ciq/NSE/MARUTI/2815745,https://www.marketsmojo.com/Stocks?StockId=984862&Exchange=0,https://economictimes.indiatimes.com/maruti-suzuki-india-ltd/stocks/companyid-11890.cms
MCDOWELL-N,https://kite.zerodha.com/chart/web/ciq/NSE/MCDOWELL-N/2674433,https://www.marketsmojo.com/Stocks?StockId=459218&Exchange=0,https://economictimes.indiatimes.com/united-spirits-ltd/stocks/companyid-1714.cms
MFSL,https://kite.zerodha.com/chart/web/ciq/NSE/MFSL/548353,https://www.marketsmojo.com/Stocks?StockId=743949&Exchange=0,https://economictimes.indiatimes.com/max-financial-services-ltd/stocks/companyid-13435.cms
MGL,https://kite.zerodha.com/chart/web/ciq/NSE/MGL/4488705,https://www.marketsmojo.com/Stocks?StockId=1000400&Exchange=0,https://economictimes.indiatimes.com/mahanagar-gas-ltd/stocks/companyid-4331.cms
MINDTREE,https://kite.zerodha.com/chart/web/ciq/NSE/MINDTREE/3675137,https://www.marketsmojo.com/Stocks?StockId=920157&Exchange=0,https://economictimes.indiatimes.com/mindtree-ltd/stocks/companyid-15673.cms
MOTHERSUMI,https://kite.zerodha.com/chart/web/ciq/NSE/MOTHERSUMI/1076225,https://www.marketsmojo.com/Stocks?StockId=655900&Exchange=0,https://economictimes.indiatimes.com/motherson-sumi-systems-ltd/stocks/companyid-10878.cms
MRF,https://kite.zerodha.com/chart/web/ciq/NSE/MRF/582913,https://www.marketsmojo.com/Stocks?StockId=569141&Exchange=0,https://economictimes.indiatimes.com/mrf-ltd/stocks/companyid-11381.cms
MUTHOOTFIN,https://kite.zerodha.com/chart/web/ciq/NSE/MUTHOOTFIN/6054401,https://www.marketsmojo.com/Stocks?StockId=751972&Exchange=0,https://economictimes.indiatimes.com/muthoot-finance-ltd/stocks/companyid-33218.cms
NATIONALUM,https://kite.zerodha.com/chart/web/ciq/NSE/NATIONALUM/1629185,https://www.marketsmojo.com/Stocks?StockId=359296&Exchange=0,https://economictimes.indiatimes.com/national-aluminium-company-ltd/stocks/companyid-11997.cms
NAUKRI,https://kite.zerodha.com/chart/web/ciq/NSE/NAUKRI/3520257,https://www.marketsmojo.com/Stocks?StockId=925707&Exchange=0,https://economictimes.indiatimes.com/info-edge-india-ltd/stocks/companyid-18352.cms
NCC,https://kite.zerodha.com/chart/web/ciq/NSE/NCC/593665,https://www.marketsmojo.com/Stocks?StockId=545305&Exchange=0,https://economictimes.indiatimes.com/ncc-ltd/stocks/companyid-11234.cms
NESTLEIND,https://kite.zerodha.com/chart/web/ciq/NSE/NESTLEIND/4598529,https://www.marketsmojo.com/Stocks?StockId=226036&Exchange=0,https://economictimes.indiatimes.com/nestle-india-ltd/stocks/companyid-13330.cms
NIITTECH,https://kite.zerodha.com/chart/web/ciq/NSE/NIITTECH/2955009,https://www.marketsmojo.com/Stocks?StockId=194167&Exchange=0,https://economictimes.indiatimes.com/niit-technologies-ltd/stocks/companyid-858.cms
NMDC,https://kite.zerodha.com/chart/web/ciq/NSE/NMDC/3924993,https://www.marketsmojo.com/Stocks?StockId=794998&Exchange=0,https://economictimes.indiatimes.com/nmdc-ltd/stocks/companyid-11633.cms
NTPC,https://kite.zerodha.com/chart/web/ciq/NSE/NTPC/2977281,https://www.marketsmojo.com/Stocks?StockId=166797&Exchange=0,https://economictimes.indiatimes.com/ntpc-ltd/stocks/companyid-12316.cms
OIL,https://kite.zerodha.com/chart/web/ciq/NSE/OIL/4464129,https://www.marketsmojo.com/Stocks?StockId=166782&Exchange=0,https://economictimes.indiatimes.com/oil-and-natural-gas-corporation-ltd/stocks/companyid-11599.cms
ONGC,https://kite.zerodha.com/chart/web/ciq/NSE/ONGC/633601,https://www.marketsmojo.com/Stocks?StockId=640830&Exchange=0,https://economictimes.indiatimes.com/oil-and-natural-gas-corporation-ltd/stocks/companyid-11599.cms
PAGEIND,https://kite.zerodha.com/chart/web/ciq/NSE/PAGEIND/3689729,https://www.marketsmojo.com/Stocks?StockId=968443&Exchange=0,https://economictimes.indiatimes.com/page-industries-ltd/stocks/companyid-762.cms
PEL,https://kite.zerodha.com/chart/web/ciq/NSE/PEL/617473,https://www.marketsmojo.com/Stocks?StockId=497388&Exchange=0,https://economictimes.indiatimes.com/piramal-enterprises-ltd/stocks/companyid-13332.cms
PETRONET,https://kite.zerodha.com/chart/web/ciq/NSE/PETRONET/2905857,https://www.marketsmojo.com/Stocks?StockId=336744&Exchange=0,https://economictimes.indiatimes.com/petronet-lng-ltd/stocks/companyid-4495.cms
PFC,https://kite.zerodha.com/chart/web/ciq/NSE/PFC/3660545,https://www.marketsmojo.com/Stocks?StockId=817865&Exchange=0,https://economictimes.indiatimes.com/power-finance-corporation-ltd/stocks/companyid-4519.cms
PIDILITIND,https://kite.zerodha.com/chart/web/ciq/NSE/PIDILITIND/681985,https://www.marketsmojo.com/Stocks?StockId=619599&Exchange=0,https://economictimes.indiatimes.com/pidilite-industries-ltd/stocks/companyid-10460.cms
PNB,https://kite.zerodha.com/chart/web/ciq/NSE/PNB/2730497,https://www.marketsmojo.com/Stocks?StockId=616556&Exchange=0,https://economictimes.indiatimes.com/punjab-national-bank/stocks/companyid-11585.cms
POWERGRID,https://kite.zerodha.com/chart/web/ciq/NSE/POWERGRID/3834113,https://www.marketsmojo.com/Stocks?StockId=417663&Exchange=0,https://economictimes.indiatimes.com/power-grid-corporation-of-india-ltd/stocks/companyid-4628.cms
PVR,https://kite.zerodha.com/chart/web/ciq/NSE/PVR/3365633,https://www.marketsmojo.com/Stocks?StockId=333539&Exchange=0,https://economictimes.indiatimes.com/pvr-ltd/stocks/companyid-16320.cms
RAMCOCEM,https://kite.zerodha.com/chart/web/ciq/NSE/RAMCOCEM/523009,https://www.marketsmojo.com/Stocks?StockId=345424&Exchange=0,https://economictimes.indiatimes.com/the-ramco-cements-ltd/stocks/companyid-11377.cms
RBLBANK,https://kite.zerodha.com/chart/web/ciq/NSE/RBLBANK/4708097,https://www.marketsmojo.com/Stocks?StockId=1002649&Exchange=0,https://economictimes.indiatimes.com/rbl-bank-ltd/stocks/companyid-7750.cms
RECLTD,https://kite.zerodha.com/chart/web/ciq/NSE/RECLTD/3930881,https://www.marketsmojo.com/Stocks?StockId=431628&Exchange=0,https://economictimes.indiatimes.com/rec-ltd/stocks/companyid-4616.cms
RELIANCE,https://kite.zerodha.com/chart/web/ciq/NSE/RELIANCE/738561,https://www.marketsmojo.com/Stocks?StockId=605152&Exchange=0,https://economictimes.indiatimes.com/reliance-industries-ltd/stocks/companyid-13215.cms
SAIL,https://kite.zerodha.com/chart/web/ciq/NSE/SAIL/758529,https://www.marketsmojo.com/Stocks?StockId=816180&Exchange=0,https://economictimes.indiatimes.com/steel-authority-of-india-sail-ltd/stocks/companyid-11974.cms
SBIN,https://kite.zerodha.com/chart/web/ciq/NSE/SBIN/779521,https://www.marketsmojo.com/Stocks?StockId=347516&Exchange=0,https://economictimes.indiatimes.com/state-bank-of-india/stocks/companyid-11984.cms
SHREECEM,https://kite.zerodha.com/chart/web/ciq/NSE/SHREECEM/794369,https://www.marketsmojo.com/Stocks?StockId=415346&Exchange=0,https://economictimes.indiatimes.com/shree-cements-ltd/stocks/companyid-13129.cms
SIEMENS,https://kite.zerodha.com/chart/web/ciq/NSE/SIEMENS/806401,https://www.marketsmojo.com/Stocks?StockId=172368&Exchange=0,https://economictimes.indiatimes.com/siemens-ltd/stocks/companyid-13102.cms
SRF,https://kite.zerodha.com/chart/web/ciq/NSE/SRF/837889,https://www.marketsmojo.com/Stocks?StockId=823938&Exchange=0,https://economictimes.indiatimes.com/srf-ltd/stocks/companyid-13155.cms
SRTRANSFIN,https://kite.zerodha.com/chart/web/ciq/NSE/SRTRANSFIN/1102337,https://www.marketsmojo.com/Stocks?StockId=397643&Exchange=0,https://economictimes.indiatimes.com/shriram-transport-finance-company-ltd/stocks/companyid-13106.cms
SUNPHARMA,https://kite.zerodha.com/chart/web/ciq/NSE/SUNPHARMA/857857,https://www.marketsmojo.com/Stocks?StockId=948699&Exchange=0,https://economictimes.indiatimes.com/sun-pharmaceutical-industries-ltd/stocks/companyid-9134.cms
SUNTV,https://kite.zerodha.com/chart/web/ciq/NSE/SUNTV/3431425,https://www.marketsmojo.com/Stocks?StockId=758477&Exchange=0,https://economictimes.indiatimes.com/sun-tv-network-ltd/stocks/companyid-17994.cms
TATACHEM,https://kite.zerodha.com/chart/web/ciq/NSE/TATACHEM/871681,https://www.marketsmojo.com/Stocks?StockId=345147&Exchange=0,https://economictimes.indiatimes.com/tata-chemicals-ltd/stocks/companyid-12913.cms
TATACONSUM,https://kite.zerodha.com/chart/web/ciq/NSE/TATACONSUM/878593,https://www.marketsmojo.com/Stocks?StockId=272806&Exchange=0,https://economictimes.indiatimes.com/tata-consumer-products-ltd/stocks/companyid-12929.cms
TATAMOTORS,https://kite.zerodha.com/chart/web/ciq/NSE/TATAMOTORS/884737,https://www.marketsmojo.com/Stocks?StockId=949886&Exchange=0,https://economictimes.indiatimes.com/tata-motors-ltd/stocks/companyid-12934.cms
TATAPOWER,https://kite.zerodha.com/chart/web/ciq/NSE/TATAPOWER/877057,https://www.marketsmojo.com/Stocks?StockId=790869&Exchange=0,https://economictimes.indiatimes.com/tata-power-company-ltd/stocks/companyid-12918.cms
TATASTEEL,https://kite.zerodha.com/chart/web/ciq/NSE/TATASTEEL/895745,https://www.marketsmojo.com/Stocks?StockId=594470&Exchange=0,https://economictimes.indiatimes.com/tata-steel-ltd/stocks/companyid-12902.cms
TCS,https://kite.zerodha.com/chart/web/ciq/NSE/TCS/2953217,https://www.marketsmojo.com/Stocks?StockId=513374&Exchange=0,https://economictimes.indiatimes.com/tata-consultancy-services-ltd/stocks/companyid-8345.cms
TECHM,https://kite.zerodha.com/chart/web/ciq/NSE/TECHM/3465729,https://www.marketsmojo.com/Stocks?StockId=779228&Exchange=0,https://economictimes.indiatimes.com/tech-mahindra-ltd/stocks/companyid-11221.cms
TITAN,https://kite.zerodha.com/chart/web/ciq/NSE/TITAN/897537,https://www.marketsmojo.com/Stocks?StockId=372338&Exchange=0,https://economictimes.indiatimes.com/titan-company-ltd/stocks/companyid-12903.cms
TORNTPHARM,https://kite.zerodha.com/chart/web/ciq/NSE/TORNTPHARM/900609,https://www.marketsmojo.com/Stocks?StockId=317368&Exchange=0,https://economictimes.indiatimes.com/torrent-pharmaceuticals-ltd/stocks/companyid-8492.cms
TORNTPOWER,https://kite.zerodha.com/chart/web/ciq/NSE/TORNTPOWER/3529217,https://www.marketsmojo.com/Stocks?StockId=257504&Exchange=0,https://economictimes.indiatimes.com/torrent-power-ltd/stocks/companyid-18767.cms
TVSMOTOR,https://kite.zerodha.com/chart/web/ciq/NSE/TVSMOTOR/2170625,https://www.marketsmojo.com/Stocks?StockId=730070&Exchange=0,https://economictimes.indiatimes.com/tvs-motor-company-ltd/stocks/companyid-12940.cms
UBL,https://kite.zerodha.com/chart/web/ciq/NSE/UBL/4278529,https://www.marketsmojo.com/Stocks?StockId=477933&Exchange=0,https://economictimes.indiatimes.com/united-breweries-ltd/stocks/companyid-1367.cms
UJJIVAN,https://kite.zerodha.com/chart/web/ciq/NSE/UJJIVAN/4369665,https://www.marketsmojo.com/Stocks?StockId=1000916&Exchange=0,https://economictimes.indiatimes.com/ujjivan-financial-services-ltd/stocks/companyid-32209.cms
ULTRACEMCO,https://kite.zerodha.com/chart/web/ciq/NSE/ULTRACEMCO/2952193,https://www.marketsmojo.com/Stocks?StockId=504759&Exchange=0,https://economictimes.indiatimes.com/ultratech-cement-ltd/stocks/companyid-3027.cms
UPL,https://kite.zerodha.com/chart/web/ciq/NSE/UPL/2889473,https://www.marketsmojo.com/Stocks?StockId=947027&Exchange=0,https://economictimes.indiatimes.com/upl-ltd/stocks/companyid-6114.cms
VEDL,https://kite.zerodha.com/chart/web/ciq/NSE/VEDL/784129,https://www.marketsmojo.com/Stocks?StockId=801588&Exchange=0,https://economictimes.indiatimes.com/vedanta-ltd/stocks/companyid-13111.cms
VOLTAS,https://kite.zerodha.com/chart/web/ciq/NSE/VOLTAS/951809,https://www.marketsmojo.com/Stocks?StockId=226565&Exchange=0,https://economictimes.indiatimes.com/voltas-ltd/stocks/companyid-12815.cms
WIPRO,https://kite.zerodha.com/chart/web/ciq/NSE/WIPRO/969473,https://www.marketsmojo.com/Stocks?StockId=531139&Exchange=0,https://economictimes.indiatimes.com/wipro-ltd/stocks/companyid-12799.cms
YESBANK,https://kite.zerodha.com/chart/web/ciq/NSE/YESBANK/3050241,https://www.marketsmojo.com/Stocks?StockId=873791&Exchange=0,https://economictimes.indiatimes.com/yes-bank-ltd/stocks/companyid-16552.cms
ZEEL,https://kite.zerodha.com/chart/web/ciq/NSE/ZEEL/975873,https://www.marketsmojo.com/Stocks?StockId=435991&Exchange=0,https://economictimes.indiatimes.com/zee-entertainment-enterprises-ltd/stocks/companyid-11769.cms